INSERT INTO acl_class (id, class) VALUES
(1, 'at.jku.isse.passiveprocessengine.frontend.security.persistence.ProcessProxy'),
(2, 'at.jku.isse.passiveprocessengine.frontend.security.persistence.RestrictionProxy');
 
INSERT INTO acl_sid (id, principal, sid) VALUES 
(1, 1, 'P1'),
(2, 1, 'P2'),
(3, 1, 'P3'),
(4, 1, 'P4'),
(5, 1, 'P5'),
(6, 1, 'P6'),
(7, 1, 'P7'),
(8, 1, 'P8'),
(9, 1, 'P9'),
(10, 1, 'P10'),
(980, 1, 'norepair'),
(990, 1, 'repaironly'),
(999, 1, 'dev'),
(1000, 0, 'ROLE_EDITOR');
 
INSERT INTO processproxy(id,name) VALUES 
(101, '_TaskWarmup::Task1b::Task1a::Task1c::Task2b::Task2a::Task2c::Task3b::Task3a::Task3c'),
(102, '_TaskWarmup::Task1c::Task1b::Task1a::Task2c::Task2b::Task2a::Task3c::Task3b::Task3a'),
(103, '_TaskWarmup::Task1a::Task1b::Task1c::Task2a::Task2b::Task2c::Task3a::Task3b::Task3c'),
(104, '_TaskWarmup::Task1a::Task1c::Task1b::Task2a::Task2c::Task2b::Task3a::Task3c::Task3b'),
(105, '_TaskWarmup::Task1b::Task1c::Task1a::Task2b::Task2c::Task2a::Task3b::Task3c::Task3a'),
(106, '_TaskWarmup::Task1c::Task1a::Task1b::Task2c::Task2a::Task2b::Task3c::Task3a::Task3b'),
(107, '_TaskWarmup::Task1b::Task1a::Task1c::Task2b::Task2a::Task2c::Task3b::Task3a::Task3c'),
(108, '_TaskWarmup::Task1c::Task1b::Task1a::Task2c::Task2b::Task2a::Task3c::Task3b::Task3a'),
(109, '_TaskWarmup::Task1a::Task1b::Task1c::Task2a::Task2b::Task2c::Task3a::Task3b::Task3c'),
(110, '_TaskWarmup::Task1a::Task1c::Task1b::Task2a::Task2c::Task2b::Task3a::Task3c::Task3b'),
(201, 'T1/7485'),
(202, 'T1/7511'),
(203, 'T1/7531'),
(204, 'T1/7555'),
(205, 'T1/7581'),
(206, 'T1/7601'),
(207, 'T1/7625'),
(208, 'T1/7651'),
(209, 'T1/7671'),
(210, 'T2/7705'),
(211, 'T2/7731'),
(212, 'T2/7751'),
(213, 'T2/7775'),
(214, 'T2/7801'),
(215, 'T2/7821'),
(216, 'T2/7845'),
(217, 'T2/7871'),
(218, 'T2/7891'),
(219, 'T3/7925'),
(220, 'T3/7951'),
(221, 'T3/7971'),
(222, 'T3/7995'),
(223, 'T3/8021'),
(224, 'T3/8041'),
(225, 'T3/8065'),
(226, 'T3/8091'),
(227, 'T3/8111'),
(228, 'T4/9465'),
(229, 'T4/9491'),
(230, 'T4/9511'),
(231, 'T4/9535'),
(232, 'T4/9561'),
(233, 'T4/9581'),
(234, 'T4/9605'),
(235, 'T4/9631'),
(236, 'T4/9651'),
(237, 'T5/9685'),
(238, 'T5/9711'),
(239, 'T5/9731'),
(240, 'T5/9755'),
(241, 'T5/9781'),
(242, 'T5/9801'),
(243, 'T5/9825'),
(244, 'T5/9851'),
(245, 'T5/9871'),
(246, 'T6/9905'),
(247, 'T6/9931'),
(248, 'T6/9951'),
(249, 'T6/9975'),
(250, 'T6/10001'),
(251, 'T6/10021'),
(252, 'T6/10045'),
(253, 'T6/10071'),
(254, 'T6/10091'),
(255, 'T7/10125'),
(256, 'T7/10151'),
(257, 'T7/10171'),
(258, 'T7/10195'),
(259, 'T7/10221'),
(260, 'T7/10241'),
(261, 'T7/10265'),
(262, 'T7/10291'),
(263, 'T7/10311'),
(264, 'T8/10345'),
(265, 'T8/10371'),
(266, 'T8/10391'),
(267, 'T8/10415'),
(268, 'T8/10441'),
(269, 'T8/10461'),
(270, 'T8/10485'),
(271, 'T8/10511'),
(272, 'T8/10531'),
(273, 'T9/10565'),
(274, 'T9/10591'),
(275, 'T9/10611'),
(276, 'T9/10635'),
(277, 'T9/10661'),
(278, 'T9/10681'),
(279, 'T9/10705'),
(280, 'T9/10731'),
(281, 'T9/10751'),
(282, 'T10/10785'),
(283, 'T10/10811'),
(284, 'T10/10831'),
(285, 'T10/10855'),
(286, 'T10/10881'),
(287, 'T10/10901'),
(288, 'T10/10925'),
(289, 'T10/10951'),
(290, 'T10/10971'),
(291, 'T1/7697'),
(292, 'T2/7917'),
(293, 'T3/8137'),
(294, 'T4/9677'),
(295, 'T5/9897'),
(296, 'T6/10117'),
(297, 'T7/10337'),
(298, 'T8/10557'),
(299, 'T9/10777'),
(300, 'T10/10997'),
(9999, '*');
 
INSERT INTO restrictionproxy(id,name) VALUES  
(1, 'Task1a_REPAIR'),
(2, 'Task1a_RESTRICTION'),
(3, 'Task1b_REPAIR'),
(4, 'Task1b_RESTRICTION'),
(5, 'Task1c_REPAIR'),
(6, 'Task1c_RESTRICTION'),
(7, 'Task2a_REPAIR'),
(8, 'Task2a_RESTRICTION'),
(9, 'Task2b_REPAIR'),
(10, 'Task2b_RESTRICTION'),
(11, 'Task2c_REPAIR'),
(12, 'Task2c_RESTRICTION'),
(13, 'Task3a_REPAIR'),
(14, 'Task3a_RESTRICTION'),
(15, 'Task3b_REPAIR'),
(16, 'Task3b_RESTRICTION'),
(17, 'Task3c_REPAIR'),
(18, 'Task3c_RESTRICTION'),
(19, '_TaskWarmup_REPAIR'),
(20, '_TaskWarmup_RESTRICTION'),
(9997, '+'),
(9998, '*');
 
INSERT INTO acl_object_identity (id, object_id_class, object_id_identity, parent_object, owner_sid, entries_inheriting) VALUES 
(1, 2, 1, NULL, 1000, 0), 
(2, 2, 2, NULL, 1000, 0),
(3, 2, 3, NULL, 1000, 0), 
(4, 2, 4, NULL, 1000, 0),
(5, 2, 5, NULL, 1000, 0), 
(6, 2, 6, NULL, 1000, 0),
(7, 2, 7, NULL, 1000, 0), 
(8, 2, 8, NULL, 1000, 0),
(9, 2, 9, NULL, 1000, 0), 
(10, 2, 10, NULL, 1000, 0),
(11, 2, 11, NULL, 1000, 0), 
(12, 2, 12, NULL, 1000, 0),
(13, 2, 13, NULL, 1000, 0), 
(14, 2, 14, NULL, 1000, 0),
(15, 2, 15, NULL, 1000, 0), 
(16, 2, 16, NULL, 1000, 0),
(17, 2, 17, NULL, 1000, 0), 
(18, 2, 18, NULL, 1000, 0),
(19, 2, 19, NULL, 1000, 0), 
(20, 2, 20, NULL, 1000, 0),
(101, 1, 101, NULL, 1000, 0),
(102, 1, 102, NULL, 1000, 0),
(103, 1, 103, NULL, 1000, 0),
(104, 1, 104, NULL, 1000, 0),
(105, 1, 105, NULL, 1000, 0),
(106, 1, 106, NULL, 1000, 0),
(107, 1, 107, NULL, 1000, 0),
(108, 1, 108, NULL, 1000, 0),
(109, 1, 109, NULL, 1000, 0),
(110, 1, 110, NULL, 1000, 0),
(201, 1, 201, NULL, 1000, 0),
(202, 1, 202, NULL, 1000, 0),
(203, 1, 203, NULL, 1000, 0),
(204, 1, 204, NULL, 1000, 0),
(205, 1, 205, NULL, 1000, 0),
(206, 1, 206, NULL, 1000, 0),
(207, 1, 207, NULL, 1000, 0),
(208, 1, 208, NULL, 1000, 0),
(209, 1, 209, NULL, 1000, 0),
(210, 1, 210, NULL, 1000, 0),
(211, 1, 211, NULL, 1000, 0),
(212, 1, 212, NULL, 1000, 0),
(213, 1, 213, NULL, 1000, 0),
(214, 1, 214, NULL, 1000, 0),
(215, 1, 215, NULL, 1000, 0),
(216, 1, 216, NULL, 1000, 0),
(217, 1, 217, NULL, 1000, 0),
(218, 1, 218, NULL, 1000, 0),
(219, 1, 219, NULL, 1000, 0),
(220, 1, 220, NULL, 1000, 0),
(221, 1, 221, NULL, 1000, 0),
(222, 1, 222, NULL, 1000, 0),
(223, 1, 223, NULL, 1000, 0),
(224, 1, 224, NULL, 1000, 0),
(225, 1, 225, NULL, 1000, 0),
(226, 1, 226, NULL, 1000, 0),
(227, 1, 227, NULL, 1000, 0),
(228, 1, 228, NULL, 1000, 0),
(229, 1, 229, NULL, 1000, 0),
(230, 1, 230, NULL, 1000, 0),
(231, 1, 231, NULL, 1000, 0),
(232, 1, 232, NULL, 1000, 0),
(233, 1, 233, NULL, 1000, 0),
(234, 1, 234, NULL, 1000, 0),
(235, 1, 235, NULL, 1000, 0),
(236, 1, 236, NULL, 1000, 0),
(237, 1, 237, NULL, 1000, 0),
(238, 1, 238, NULL, 1000, 0),
(239, 1, 239, NULL, 1000, 0),
(240, 1, 240, NULL, 1000, 0),
(241, 1, 241, NULL, 1000, 0),
(242, 1, 242, NULL, 1000, 0),
(243, 1, 243, NULL, 1000, 0),
(244, 1, 244, NULL, 1000, 0),
(245, 1, 245, NULL, 1000, 0),
(246, 1, 246, NULL, 1000, 0),
(247, 1, 247, NULL, 1000, 0),
(248, 1, 248, NULL, 1000, 0),
(249, 1, 249, NULL, 1000, 0),
(250, 1, 250, NULL, 1000, 0),
(251, 1, 251, NULL, 1000, 0),
(252, 1, 252, NULL, 1000, 0),
(253, 1, 253, NULL, 1000, 0),
(254, 1, 254, NULL, 1000, 0),
(255, 1, 255, NULL, 1000, 0),
(256, 1, 256, NULL, 1000, 0),
(257, 1, 257, NULL, 1000, 0),
(258, 1, 258, NULL, 1000, 0),
(259, 1, 259, NULL, 1000, 0),
(260, 1, 260, NULL, 1000, 0),
(261, 1, 261, NULL, 1000, 0),
(262, 1, 262, NULL, 1000, 0),
(263, 1, 263, NULL, 1000, 0),
(264, 1, 264, NULL, 1000, 0),
(265, 1, 265, NULL, 1000, 0),
(266, 1, 266, NULL, 1000, 0),
(267, 1, 267, NULL, 1000, 0),
(268, 1, 268, NULL, 1000, 0),
(269, 1, 269, NULL, 1000, 0),
(270, 1, 270, NULL, 1000, 0),
(271, 1, 271, NULL, 1000, 0),
(272, 1, 272, NULL, 1000, 0),
(273, 1, 273, NULL, 1000, 0),
(274, 1, 274, NULL, 1000, 0),
(275, 1, 275, NULL, 1000, 0),
(276, 1, 276, NULL, 1000, 0),
(277, 1, 277, NULL, 1000, 0),
(278, 1, 278, NULL, 1000, 0),
(279, 1, 279, NULL, 1000, 0),
(280, 1, 280, NULL, 1000, 0),
(281, 1, 281, NULL, 1000, 0),
(282, 1, 282, NULL, 1000, 0),
(283, 1, 283, NULL, 1000, 0),
(284, 1, 284, NULL, 1000, 0),
(285, 1, 285, NULL, 1000, 0),
(286, 1, 286, NULL, 1000, 0),
(287, 1, 287, NULL, 1000, 0),
(288, 1, 288, NULL, 1000, 0),
(289, 1, 289, NULL, 1000, 0),
(290, 1, 290, NULL, 1000, 0),
(291, 1, 291, NULL, 1000, 0),
(292, 1, 292, NULL, 1000, 0),
(293, 1, 293, NULL, 1000, 0),
(294, 1, 294, NULL, 1000, 0),
(295, 1, 295, NULL, 1000, 0),
(296, 1, 296, NULL, 1000, 0),
(297, 1, 297, NULL, 1000, 0),
(298, 1, 298, NULL, 1000, 0),
(299, 1, 299, NULL, 1000, 0),
(300, 1, 300, NULL, 1000, 0),
(9997, 2, 9997, NULL, 1000, 0),
(9998, 2, 9998, NULL, 1000, 0),
(9999, 1, 9999, NULL, 1000, 0);
 
INSERT INTO acl_entry (id, acl_object_identity, ace_order, sid,           mask, granting, audit_success, audit_failure) VALUES 
(1, 201, 1, 1,     1, 1, 1, 1),
(2, 202, 2, 1,     1, 1, 1, 1),
(3, 203, 3, 1,     1, 1, 1, 1),
(4, 204, 4, 1,     1, 1, 1, 1),
(5, 205, 5, 1,     1, 1, 1, 1),
(6, 206, 6, 1,     1, 1, 1, 1),
(7, 207, 7, 1,     1, 1, 1, 1),
(8, 208, 8, 1,     1, 1, 1, 1),
(9, 209, 9, 1,     1, 1, 1, 1),
(10, 210, 10, 2,     1, 1, 1, 1),
(11, 211, 11, 2,     1, 1, 1, 1),
(12, 212, 12, 2,     1, 1, 1, 1),
(13, 213, 13, 2,     1, 1, 1, 1),
(14, 214, 14, 2,     1, 1, 1, 1),
(15, 215, 15, 2,     1, 1, 1, 1),
(16, 216, 16, 2,     1, 1, 1, 1),
(17, 217, 17, 2,     1, 1, 1, 1),
(18, 218, 18, 2,     1, 1, 1, 1),
(19, 219, 19, 3,     1, 1, 1, 1),
(20, 220, 20, 3,     1, 1, 1, 1),
(21, 221, 21, 3,     1, 1, 1, 1),
(22, 222, 22, 3,     1, 1, 1, 1),
(23, 223, 23, 3,     1, 1, 1, 1),
(24, 224, 24, 3,     1, 1, 1, 1),
(25, 225, 25, 3,     1, 1, 1, 1),
(26, 226, 26, 3,     1, 1, 1, 1),
(27, 227, 27, 3,     1, 1, 1, 1),
(28, 228, 28, 4,     1, 1, 1, 1),
(29, 229, 29, 4,     1, 1, 1, 1),
(30, 230, 30, 4,     1, 1, 1, 1),
(31, 231, 31, 4,     1, 1, 1, 1),
(32, 232, 32, 4,     1, 1, 1, 1),
(33, 233, 33, 4,     1, 1, 1, 1),
(34, 234, 34, 4,     1, 1, 1, 1),
(35, 235, 35, 4,     1, 1, 1, 1),
(36, 236, 36, 4,     1, 1, 1, 1),
(37, 237, 37, 5,     1, 1, 1, 1),
(38, 238, 38, 5,     1, 1, 1, 1),
(39, 239, 39, 5,     1, 1, 1, 1),
(40, 240, 40, 5,     1, 1, 1, 1),
(41, 241, 41, 5,     1, 1, 1, 1),
(42, 242, 42, 5,     1, 1, 1, 1),
(43, 243, 43, 5,     1, 1, 1, 1),
(44, 244, 44, 5,     1, 1, 1, 1),
(45, 245, 45, 5,     1, 1, 1, 1),
(46, 246, 46, 6,     1, 1, 1, 1),
(47, 247, 47, 6,     1, 1, 1, 1),
(48, 248, 48, 6,     1, 1, 1, 1),
(49, 249, 49, 6,     1, 1, 1, 1),
(50, 250, 50, 6,     1, 1, 1, 1),
(51, 251, 51, 6,     1, 1, 1, 1),
(52, 252, 52, 6,     1, 1, 1, 1),
(53, 253, 53, 6,     1, 1, 1, 1),
(54, 254, 54, 6,     1, 1, 1, 1),
(55, 255, 55, 7,     1, 1, 1, 1),
(56, 256, 56, 7,     1, 1, 1, 1),
(57, 257, 57, 7,     1, 1, 1, 1),
(58, 258, 58, 7,     1, 1, 1, 1),
(59, 259, 59, 7,     1, 1, 1, 1),
(60, 260, 60, 7,     1, 1, 1, 1),
(61, 261, 61, 7,     1, 1, 1, 1),
(62, 262, 62, 7,     1, 1, 1, 1),
(63, 263, 63, 7,     1, 1, 1, 1),
(64, 264, 64, 8,     1, 1, 1, 1),
(65, 265, 65, 8,     1, 1, 1, 1),
(66, 266, 66, 8,     1, 1, 1, 1),
(67, 267, 67, 8,     1, 1, 1, 1),
(68, 268, 68, 8,     1, 1, 1, 1),
(69, 269, 69, 8,     1, 1, 1, 1),
(70, 270, 70, 8,     1, 1, 1, 1),
(71, 271, 71, 8,     1, 1, 1, 1),
(72, 272, 72, 8,     1, 1, 1, 1),
(73, 273, 73, 9,     1, 1, 1, 1),
(74, 274, 74, 9,     1, 1, 1, 1),
(75, 275, 75, 9,     1, 1, 1, 1),
(76, 276, 76, 9,     1, 1, 1, 1),
(77, 277, 77, 9,     1, 1, 1, 1),
(78, 278, 78, 9,     1, 1, 1, 1),
(79, 279, 79, 9,     1, 1, 1, 1),
(80, 280, 80, 9,     1, 1, 1, 1),
(81, 281, 81, 9,     1, 1, 1, 1),
(82, 282, 82, 10,     1, 1, 1, 1),
(83, 283, 83, 10,     1, 1, 1, 1),
(84, 284, 84, 10,     1, 1, 1, 1),
(85, 285, 85, 10,     1, 1, 1, 1),
(86, 286, 86, 10,     1, 1, 1, 1),
(87, 287, 87, 10,     1, 1, 1, 1),
(88, 288, 88, 10,     1, 1, 1, 1),
(89, 289, 89, 10,     1, 1, 1, 1),
(90, 290, 90, 10,     1, 1, 1, 1),
(91, 291, 91, 1,     1, 1, 1, 1),
(92, 292, 92, 2,     1, 1, 1, 1),
(93, 293, 93, 3,     1, 1, 1, 1),
(94, 294, 94, 4,     1, 1, 1, 1),
(95, 295, 95, 5,     1, 1, 1, 1),
(96, 296, 96, 6,     1, 1, 1, 1),
(97, 297, 97, 7,     1, 1, 1, 1),
(98, 298, 98, 8,     1, 1, 1, 1),
(99, 299, 99, 9,     1, 1, 1, 1),
(100, 300, 100, 10,     1, 1, 1, 1),
(101, 101, 101, 1,     1, 1, 1, 1),
(102, 102, 102, 2,     1, 1, 1, 1),
(103, 103, 103, 3,     1, 1, 1, 1),
(104, 104, 104, 4,     1, 1, 1, 1),
(105, 105, 105, 5,     1, 1, 1, 1),
(106, 106, 106, 6,     1, 1, 1, 1),
(107, 107, 107, 7,     1, 1, 1, 1),
(108, 108, 108, 8,     1, 1, 1, 1),
(109, 109, 109, 9,     1, 1, 1, 1),
(110, 110, 110, 10,     1, 1, 1, 1),
(111, 3, 111, 1,     1, 1, 1, 1),
(112, 5, 112, 1,     1, 1, 1, 1),
(113, 6, 113, 1,     1, 1, 1, 1),
(114, 9, 114, 1,     1, 1, 1, 1),
(115, 11, 115, 1,     1, 1, 1, 1),
(116, 12, 116, 1,     1, 1, 1, 1),
(117, 15, 117, 1,     1, 1, 1, 1),
(118, 17, 118, 1,     1, 1, 1, 1),
(119, 18, 119, 1,     1, 1, 1, 1),
(120, 19, 120, 1,     1, 1, 1, 1),
(121, 20, 121, 1,     1, 1, 1, 1),
(122, 3, 122, 2,     1, 1, 1, 1),
(123, 4, 123, 2,     1, 1, 1, 1),
(124, 5, 124, 2,     1, 1, 1, 1),
(125, 9, 125, 2,     1, 1, 1, 1),
(126, 10, 126, 2,     1, 1, 1, 1),
(127, 11, 127, 2,     1, 1, 1, 1),
(128, 15, 128, 2,     1, 1, 1, 1),
(129, 16, 129, 2,     1, 1, 1, 1),
(130, 17, 130, 2,     1, 1, 1, 1),
(131, 19, 131, 2,     1, 1, 1, 1),
(132, 20, 132, 2,     1, 1, 1, 1),
(133, 1, 133, 3,     1, 1, 1, 1),
(134, 3, 134, 3,     1, 1, 1, 1),
(135, 4, 135, 3,     1, 1, 1, 1),
(136, 7, 136, 3,     1, 1, 1, 1),
(137, 9, 137, 3,     1, 1, 1, 1),
(138, 10, 138, 3,     1, 1, 1, 1),
(139, 13, 139, 3,     1, 1, 1, 1),
(140, 15, 140, 3,     1, 1, 1, 1),
(141, 16, 141, 3,     1, 1, 1, 1),
(142, 19, 142, 3,     1, 1, 1, 1),
(143, 20, 143, 3,     1, 1, 1, 1),
(144, 1, 144, 4,     1, 1, 1, 1),
(145, 5, 145, 4,     1, 1, 1, 1),
(146, 6, 146, 4,     1, 1, 1, 1),
(147, 7, 147, 4,     1, 1, 1, 1),
(148, 11, 148, 4,     1, 1, 1, 1),
(149, 12, 149, 4,     1, 1, 1, 1),
(150, 13, 150, 4,     1, 1, 1, 1),
(151, 17, 151, 4,     1, 1, 1, 1),
(152, 18, 152, 4,     1, 1, 1, 1),
(153, 19, 153, 4,     1, 1, 1, 1),
(154, 20, 154, 4,     1, 1, 1, 1),
(155, 1, 155, 5,     1, 1, 1, 1),
(156, 2, 156, 5,     1, 1, 1, 1),
(157, 3, 157, 5,     1, 1, 1, 1),
(158, 7, 158, 5,     1, 1, 1, 1),
(159, 8, 159, 5,     1, 1, 1, 1),
(160, 9, 160, 5,     1, 1, 1, 1),
(161, 13, 161, 5,     1, 1, 1, 1),
(162, 14, 162, 5,     1, 1, 1, 1),
(163, 15, 163, 5,     1, 1, 1, 1),
(164, 19, 164, 5,     1, 1, 1, 1),
(165, 20, 165, 5,     1, 1, 1, 1),
(166, 1, 166, 6,     1, 1, 1, 1),
(167, 2, 167, 6,     1, 1, 1, 1),
(168, 5, 168, 6,     1, 1, 1, 1),
(169, 7, 169, 6,     1, 1, 1, 1),
(170, 8, 170, 6,     1, 1, 1, 1),
(171, 11, 171, 6,     1, 1, 1, 1),
(172, 13, 172, 6,     1, 1, 1, 1),
(173, 14, 173, 6,     1, 1, 1, 1),
(174, 17, 174, 6,     1, 1, 1, 1),
(175, 19, 175, 6,     1, 1, 1, 1),
(176, 20, 176, 6,     1, 1, 1, 1),
(177, 3, 177, 7,     1, 1, 1, 1),
(178, 5, 178, 7,     1, 1, 1, 1),
(179, 6, 179, 7,     1, 1, 1, 1),
(180, 9, 180, 7,     1, 1, 1, 1),
(181, 11, 181, 7,     1, 1, 1, 1),
(182, 12, 182, 7,     1, 1, 1, 1),
(183, 15, 183, 7,     1, 1, 1, 1),
(184, 17, 184, 7,     1, 1, 1, 1),
(185, 18, 185, 7,     1, 1, 1, 1),
(186, 19, 186, 7,     1, 1, 1, 1),
(187, 20, 187, 7,     1, 1, 1, 1),
(188, 3, 188, 8,     1, 1, 1, 1),
(189, 4, 189, 8,     1, 1, 1, 1),
(190, 5, 190, 8,     1, 1, 1, 1),
(191, 9, 191, 8,     1, 1, 1, 1),
(192, 10, 192, 8,     1, 1, 1, 1),
(193, 11, 193, 8,     1, 1, 1, 1),
(194, 15, 194, 8,     1, 1, 1, 1),
(195, 16, 195, 8,     1, 1, 1, 1),
(196, 17, 196, 8,     1, 1, 1, 1),
(197, 19, 197, 8,     1, 1, 1, 1),
(198, 20, 198, 8,     1, 1, 1, 1),
(199, 1, 199, 9,     1, 1, 1, 1),
(200, 3, 200, 9,     1, 1, 1, 1),
(201, 4, 201, 9,     1, 1, 1, 1),
(202, 7, 202, 9,     1, 1, 1, 1),
(203, 9, 203, 9,     1, 1, 1, 1),
(204, 10, 204, 9,     1, 1, 1, 1),
(205, 13, 205, 9,     1, 1, 1, 1),
(206, 15, 206, 9,     1, 1, 1, 1),
(207, 16, 207, 9,     1, 1, 1, 1),
(208, 19, 208, 9,     1, 1, 1, 1),
(209, 20, 209, 9,     1, 1, 1, 1),
(210, 1, 210, 10,     1, 1, 1, 1),
(211, 5, 211, 10,     1, 1, 1, 1),
(212, 6, 212, 10,     1, 1, 1, 1),
(213, 7, 213, 10,     1, 1, 1, 1),
(214, 11, 214, 10,     1, 1, 1, 1),
(215, 12, 215, 10,     1, 1, 1, 1),
(216, 13, 216, 10,     1, 1, 1, 1),
(217, 17, 217, 10,     1, 1, 1, 1),
(218, 18, 218, 10,     1, 1, 1, 1),
(219, 19, 219, 10,     1, 1, 1, 1),
(220, 20, 220, 10,     1, 1, 1, 1),
(9995, 9999, 1, 980,     1, 1, 1, 1),
(9996, 9999, 2, 990,     1, 1, 1, 1),
(9997, 9997, 1, 990,     1, 1, 1, 1),
(9998, 9998, 1, 999,     1, 1, 1, 1),
(9999, 9999, 3, 999,     1, 1, 1, 1);