INSERT INTO acl_class (id, class) VALUES
(1, 'at.jku.isse.passiveprocessengine.frontend.security.persistence.ProcessProxy'),
(2, 'at.jku.isse.passiveprocessengine.frontend.security.persistence.RestrictionProxy');
 
INSERT INTO acl_sid (id, principal, sid) VALUES 
(1, 1, 'P1'),
(990, 1, 'repaironly'),
(999, 1, 'dev'),
(1000, 0, 'ROLE_EDITOR');
 
INSERT INTO processproxy(id,name) VALUES 
(101, '_TaskWarmup::Task1b::Task1a::Task1c::Task2b::Task2a::Task2c::Task3b::Task3a::Task3c'),
(201, 'T1/2986'),
(202, 'T1/3012'),
(203, 'T1/3056'),
(204, 'T1/3080'),
(205, 'T1/3106'),
(206, 'T1/3150'),
(207, 'T1/3174'),
(208, 'T1/3200'),
(209, 'T1/3246'),
(210, 'T1/3272'),
(9999, '*');
 
INSERT INTO restrictionproxy(id,name) VALUES  
(1, 'Task1a_REPAIR'),
(2, 'Task1a_RESTRICTION'),
(3, 'Task1b_REPAIR'),
(4, 'Task1b_RESTRICTION'),
(5, 'Task1c_REPAIR'),
(6, 'Task1c_RESTRICTION'),
(7, 'Task2a_REPAIR'),
(8, 'Task2a_RESTRICTION'),
(9, 'Task2b_REPAIR'),
(10, 'Task2b_RESTRICTION'),
(11, 'Task2c_REPAIR'),
(12, 'Task2c_RESTRICTION'),
(13, 'Task3a_REPAIR'),
(14, 'Task3a_RESTRICTION'),
(15, 'Task3b_REPAIR'),
(16, 'Task3b_RESTRICTION'),
(17, 'Task3c_REPAIR'),
(18, 'Task3c_RESTRICTION'),
(19, '_TaskWarmup_REPAIR'),
(20, '_TaskWarmup_RESTRICTION'),
(9997, '+'),
(9998, '*');
 
INSERT INTO acl_object_identity (id, object_id_class, object_id_identity, parent_object, owner_sid, entries_inheriting) VALUES 
(1, 2, 1, NULL, 1000, 0), 
(2, 2, 2, NULL, 1000, 0),
(3, 2, 3, NULL, 1000, 0), 
(4, 2, 4, NULL, 1000, 0),
(5, 2, 5, NULL, 1000, 0), 
(6, 2, 6, NULL, 1000, 0),
(7, 2, 7, NULL, 1000, 0), 
(8, 2, 8, NULL, 1000, 0),
(9, 2, 9, NULL, 1000, 0), 
(10, 2, 10, NULL, 1000, 0),
(11, 2, 11, NULL, 1000, 0), 
(12, 2, 12, NULL, 1000, 0),
(13, 2, 13, NULL, 1000, 0), 
(14, 2, 14, NULL, 1000, 0),
(15, 2, 15, NULL, 1000, 0), 
(16, 2, 16, NULL, 1000, 0),
(17, 2, 17, NULL, 1000, 0), 
(18, 2, 18, NULL, 1000, 0),
(19, 2, 19, NULL, 1000, 0), 
(20, 2, 20, NULL, 1000, 0),
(101, 1, 101, NULL, 1000, 0),
(201, 1, 201, NULL, 1000, 0),
(202, 1, 202, NULL, 1000, 0),
(203, 1, 203, NULL, 1000, 0),
(204, 1, 204, NULL, 1000, 0),
(205, 1, 205, NULL, 1000, 0),
(206, 1, 206, NULL, 1000, 0),
(207, 1, 207, NULL, 1000, 0),
(208, 1, 208, NULL, 1000, 0),
(209, 1, 209, NULL, 1000, 0),
(210, 1, 210, NULL, 1000, 0),
(9997, 2, 9997, NULL, 1000, 0),
(9998, 2, 9998, NULL, 1000, 0),
(9999, 1, 9999, NULL, 1000, 0);
 
INSERT INTO acl_entry (id, acl_object_identity, ace_order, sid,           mask, granting, audit_success, audit_failure) VALUES 
(1, 201, 1, 1,     1, 1, 1, 1),
(2, 202, 1, 1,     1, 1, 1, 1),
(3, 203, 1, 1,     1, 1, 1, 1),
(4, 204, 1, 1,     1, 1, 1, 1),
(5, 205, 1, 1,     1, 1, 1, 1),
(6, 206, 1, 1,     1, 1, 1, 1),
(7, 207, 1, 1,     1, 1, 1, 1),
(8, 208, 1, 1,     1, 1, 1, 1),
(9, 209, 1, 1,     1, 1, 1, 1),
(10, 210, 1, 1,     1, 1, 1, 1),
(11, 101, 11, 1,     1, 1, 1, 1),
(14, 5, 14, 1,     1, 1, 1, 1),
(15, 7, 15, 1,     1, 1, 1, 1),
(16, 8, 16, 1,     1, 1, 1, 1),
(17, 11, 17, 1,     1, 1, 1, 1),
(18, 13, 18, 1,     1, 1, 1, 1),
(19, 14, 19, 1,     1, 1, 1, 1),
(20, 17, 20, 1,     1, 1, 1, 1),
(21, 19, 21, 1,     1, 1, 1, 1),
(22, 20, 22, 1,     1, 1, 1, 1),
(12, 1, 12, 1,     1, 1, 1, 1),
(13, 2, 13, 1,     1, 1, 1, 1),
(9996, 9999, 1, 990,     1, 1, 1, 1),
(9997, 9997, 1, 990,     1, 1, 1, 1),
(9998, 9998, 1, 999,     1, 1, 1, 1),
(9999, 9999, 2, 999,     1, 1, 1, 1);
